File	Text	Initial Label - 2	Initial label - 4	Turks Label	UCDCC label - 2	UCDCC label w/ turk label's formatting	UCDCC label - 4	index
clip_1000	You want to see something Irish? Of all the reasons to be closed.	1	3	1	1	2	1	169
clip_1001	"American Red Cross van, ""together we can save lives"", and the driver is smoking."	1	2	1	1	2	1	459
clip_1002	180 dead on 26 11 and more than 10k our people killed in terror attacks to date but not one Paki shows sympathy for them?	1	2	0	0	1	0	48
clip_1003	"Opened it in IE? Google Scholarship application kept crashing in Chrome. Opened in IE, finished application without incident."	1	2	0	1	2	1	474
clip_1004	20 years ago I arrived in CR happy to leave behind all the malls and rampant materialism if the US went Xmas shopping in prg today	1	2	1	0	1	0	695
clip_1005	"20 years ago, I arrive in CR. Happy to leave behind all the malls that rampant materialism in the US. Went Christmas shopping in the PRG today."	1	2	1	0	1	0	695
clip_1006	Gun nut yells at cops conducting DUI checkpoint.  Later hit by a drunk driver on way home.	1	2	1	1	2	1	478
clip_1007	"Where is the promise of peace on earth in this? Lord they kingdom come, thy will be done."	1	2	1	1	2	1	511
clip_1008	"Zuma reads the quote, ""People are not fighting for ideas, they fight for material benefits, to live in peace.""."	1	2	2	1	2	1	533
clip_1009	"Decided to go to bed early for once, I have been lying there since 2am, yet the total amount of sleep I have had all week is 10 hours."	1	2	0	1	2	1	539
clip_1010	"More people are in prison because of drug related crimes, but you know, gun crime is up."	1	2	1	0	1	0	560
clip_1011	My entire career has been devoted to being a boss  and beating corruption but I get beat in a corrupt election.	1	2	1	1	2	1	571
clip_1012	"A republican move, which will effectively rob the royals. Kate's spending 32K on one meal. Who's being robbed?"	1	2	1	0	1	0	139
clip_1013	"A Republican move, which will effectively rob the royals. Kate's spending 32K on one meal! Who is being robbed!"	1	2	1	0	1	0	139
clip_1014	abnormal professor walks in with the finals in his zoloft bag	1	2	1	0	1	0	352
clip_1015	"Being a hipster now is so mainstream. Oh, the irony!"	1	2	1	1	2	3	32
clip_1016	Christian Europe translated Islamic manuscripts	1	2	0	0	1	0	188
clip_1017	Christian Europe translated Islamic manuscripts.	1	2	1	0	1	0	188
clip_1018	Consensus of absolute hilarious irony Michael Man to lecture on professional ethics for climate scientist.	1	2	0	0	1	0	266
clip_1019	Consensus of absolute hilarious irony.  Michael Man to lecture on professional ethics for climate scientist.	1	2	1	0	1	0	266
clip_1020	"Everyone wants the truth, but nobody wants to be honest."	1	2	1	0	1	0	240
clip_1021	Everyone wants the truth. No one wants to be honest.	1	2	1	0	1	0	240
clip_1022	"Garner protesters chant, ""Fuck Fox News', despite Fox agreeing with them."	1	2	1	0	1	0	88
clip_1023	"Garner protesters chant, ""Fuck Fox News."", despite Fox News agreeing with them."	1	2	1	0	1	0	88
clip_1024	"Gavey is one rude mother fucker, sub-tweets me calls me a mother fucker."	1	2	0	0	1	0	166
clip_1025	Gabby is one rude mother fucker. Subtweets me; calls me a mother fucker.	1	2	1	0	1	0	166
clip_1026	"Girls won't answer their phone when I'm calling because they think I'm calling them in early, but I'm actually calling to cut them."	1	2	1	0	1	0	753
clip_1027	"Girls won't answer their phone, when I'm calling them, because they think I'm calling them in early. But I am actually calling to cut them."	1	2	1	0	1	0	753
clip_1028	"Hazard worker training, first break there was three dozen donuts and half the class outside to smoke."	1	2	1	0	1	0	740
clip_1029	Hazard worker training. First break there was three dozen donuts and half the class outside to smoke.	1	2	0	0	1	0	740
clip_1030	I just drank a healthy homemade all fruit smoothie in a Budweiser beer glass.	1	2	1	1	2	3	173
clip_1031	How can you miss something you've never had?	1	2	1	0	1	0	683
clip_1032	How is it possible that somebody so interesting is also so so so boring	1	2	1	0	1	0	143
clip_1033	How is it possible that somebody so interesting is also so so boring?	1	2	1	0	1	0	143
clip_1034	how's it possible that somebody so interesting is also so so boring	1	2	1	0	1	0	143
clip_1035	"I do hope you anti-gaming gaters will sleep better, knowing that sabotaging charities will make you more respectable in society!"	1	2	1	0	1	0	733
clip_1036	"I do hope you anti-gamer gaters will sleep better, knowing that sabotaging charities will make you more respectable in society!"	1	2	1	0	1	0	733
clip_1037	"I just drank a healthy, homemade, all fruit smoothie. In a budweiser beer glass.."	1	2	1	1	2	3	173
clip_1038	"I like the feeling when people think their two steps ahead of me, but the truth is they're miles and miles behind me."	1	2	1	1	2	1	431
clip_1039	I may or may not have put Robert Ashton at the top of swarm tweets trees soons as he likes christmas time.	1	2	1	0	1	0	268
clip_1040	I may or may not have put Robert Ashton at the top of swarm tweets tree soon as he likes Christmas time.	1	2	1	0	1	0	268
clip_1041	IBN Live is the first to cut ads during prime time to proudly announce that they're putting journalism first.	1	2	0	0	1	0	146
clip_1042	IBN Live is the first to cut two ads during primetime to proudly announce that they're putting journalism first	1	2	0	0	1	0	146
clip_1043	"Incidentally the forward for a movie Bhopal: A prayer for rain is by Sarota ray Sahara saying ""Justice delayed is justice denied."""	1	2	0	0	1	0	115
clip_1044	"Incidentally the forward for movie Bhopal: A prayer for rain is by Subrata Roy Sahara saying ""Justice delayed is justice denied."""	1	2	0	0	1	0	115
clip_1045	"And as much as I do not want to connect, I like only the people who don't want to."	1	2	1	0	1	0	299
clip_1046	just wait til Cleveland comes again	1	2	2	1	2	3	286
clip_1047	Is the basketball game on today? I'm not really sure.  ESPN seem to not be promoting anything about it.	1	2	0	0	1	0	313
clip_1048	"Also, It is funny how things at work get done when I am on my off week."	1	2	1	1	2	1	332
clip_1049	"SpaceX, told to stop work under crew contracts."	1	2	2	0	1	0	343
clip_1050	My dad's still going to get me Santa's gifts. Since it is my last year before 18. But I really don't know what to ask for.	1	2	0	0	1	0	275
clip_1051	Just wait till Cleveland comes again!	1	2	1	1	2	3	286
clip_1052	"And as much as I want to connect, I like only the people who don't want to."	1	2	1	0	1	0	299
clip_1053	Is there a basketball on today? I'm not really sure. ESPN seems to not be promoting anything about it	1	2	0	0	1	0	313
clip_1054	"Also, it's funny how things at work get done when I'm off on my week."	1	2	1	1	2	1	332
clip_1055	SpaceX told us to stop work under crew contracts!	1	2	0	0	1	0	343
clip_1056	Yet in Ferguson MO the mayor and gov are dems.	1	2	1	0	1	0	351
clip_1057	Just realized we missed it too. In the middle of a tech trouble shooting mission to get an article on madeba up on the site.	1	2	1	0	1	0	591
clip_1058	"Anybody using their rights to protest legally , gets the law thrown  at them . And the ones who do the crimes don't. Thats irony not justice"	1	2	1	1	2	1	593
clip_1059	A puppet at the PTI rally wanting to make Nia Pakistan.	1	2	0	1	2	1	596
clip_1060	KID WHO TRIED STEALING TOOLS FROM ME IS NOW MAD CUZ SOMEONE TOOK HIS HOT SAUCE OUT OF THE FRIDGE AT WORK	1	2	1	1	2	1	608
clip_1061	"driving into town on very well cleaned country roads, I see a tow truck veer off too far to shoulder and get sucked into the ditch"	1	2	0	0	1	0	616
clip_1062	Laptop speakers are too quiet for music and simply too loud for porn.	1	2	0	1	2	1	627
clip_1063	"the elections are not over, but about whether there will be a zionist or extremist country here."	1	2	0	0	1	0	638
clip_1064	"Get on the work bus. Driver turns his music on, and the first song on is, Another Day in Paradise."	1	2	1	1	2	1	651
clip_1065	I popped at PTI rally wanting to make Nia Pakistan.	1	2	2	1	2	1	596
clip_1066	Anybody using their rights to protest legally gets the law thrown at them and the ones who do the crimes don't. That's irony not justice.	1	2	1	1	2	1	593
clip_1067	Driving into town on very clean county road I see a tow truck veer off too far to shoulder and get sucked into ditch.	1	2	2	0	1	0	616
clip_1068	"Get on the work bus, driver turns his music on and the first song on is another day is a paradise."	1	2	0	1	2	1	651
clip_1069	Get an article up on this site.	1	2	0	0	1	0	591
clip_1070	"Kid who tried stealing tools from me is now mad, cause someone took his hot sauce out of the fridge at work."	1	2	1	1	2	1	608
clip_1071	Laptop speakers are too quiet for music and simply too loud for porn	1	2	0	1	2	1	627
clip_1072	"The elections aren't over, till the 18th. But about whether there will be a Zionist or Extremist country here."	1	2	0	0	1	0	638
clip_1073	"Yet, in Ferguson, MO the mayor and gov are dems."	1	2	2	0	1	0	351
clip_1074	"My dad still has to get me gifts since it's my last year before 18, But really I don't know what to ask for."	1	2	2	0	1	0	275
clip_1075	Just walked into a Starbucks and asked for a tall blonde.	1	2	0	1	2	3	2
clip_1076	One of the godfathers of Asian values? Malaysians are stupid. Don't even know how to run an airline.	1	2	0	0	1	0	684
clip_1077	"What of the godfathers of Asian values? Malaysians are stupid, don't know how to run an airline."	1	2	0	0	1	0	684
clip_1078	painting all cops with a broad brush is the same logic racists use	1	2	1	1	2	1	63
clip_1079	"Prison book ban? Of course, Grayling is also trying to ban judicial reviews."	1	2	0	0	1	0	755
clip_1080	Re: prison book ban - Of course Grayling is also trying to ban Judicial Reviews	1	2	1	0	1	0	755
clip_1081	Rangers league game with Alowa game moved because of the petra cup final in April.	1	2	0	0	1	0	51
clip_1082	Reverend tells kids Santa's not real. Why declaring sky fairy is? Because the book says so	1	2	1	0	1	0	750
clip_1083	Reverends tells kids Santa's not real why declaring a sky fairy is because a book said so.	1	2	1	0	1	0	750
clip_1084	"Abnormal professor walks in, with the finals in a Zoloft bag."	1	2	1	0	1	0	352
clip_1085	sub is making class go so slow as I feel like I am losing brain cells	1	2	0	1	2	1	359
clip_1086	The song was Don't Cry for me Argentina	1	2	2	0	1	0	372
clip_1087	the irony is anti state people who claim the little man won when in reality the state won	1	2	1	1	2	1	414
clip_1088	"We are miles apart, but she found me. Now we are close enough, still apart."	1	2	1	0	1	0	457
clip_1089	Final labs course works submitted. Now to treat myself by catching up with the whole semesters lectures.	1	2	1	0	1	0	559
clip_1090	"American Red Cross van, together we can save lives. And the driver is smoking!"	1	2	1	1	2	1	459
clip_1091	"Google Scholarship Application kept crashing in Chrome; opened it in IE, finished the application without incdient."	1	2	1	1	2	1	474
clip_1092	"Gun nut yells at cops conducting a DUI checkpoints. Later, hit by a drunk driver on the way home."	1	2	1	1	2	1	478
clip_1093	"Where is the promise of peace on earth in this: Lord thy kingdom come, thy kingdom will be done."	1	2	0	1	2	1	511
clip_1094	"Zerma reads the quote ""People are not fighting for ideas, they fight for material beliefs to live in peace."""	1	2	2	1	2	1	533
clip_1095	"Decided I'd go to bed early for once. I've been laying here since 2 am, yet the total amount of sleep I've had all week is 10 hours."	1	2	1	1	2	1	539
clip_1096	"More people are in prison because of drug related crimes. But you know, gun crime is up."	1	2	1	0	1	0	560
clip_1097	"My entire career has been devote to being the boss and beating corruption, but I get beat in a corrupt election."	1	2	1	1	2	1	571
clip_1098	"Just walked into Starbucks, and asked for a tall blonde."	1	2	1	1	2	3	2
clip_1099	The definition of irony would be if a 77 year old rapper went viral and took Bitcoin mainstream.  Maybe the only way Baby Boomers will buy in.	1	2	1	1	2	1	22
clip_1100	"Being a hipster now is so mainstream, oh the irony."	1	2	1	1	2	3	32
clip_1101	180 dean on 26/11 and more than 10K are killed in terror attacks til date but not one Paki shows simpathy to them.	1	2	1	0	1	0	48
clip_1102	rangers league game was below a move because the petro fact cup find in april	1	2	0	0	1	0	51
clip_1103	Painting all cops with a broad brush because of the actions of a few is the same logic racists use.	1	2	1	1	2	1	63
clip_1104	So there used to be a crossfit place here	1	2	2	1	2	1	151
clip_1105	So there used to be a crossfit place here.	1	2	2	1	2	1	151
clip_1106	"So, there used to be a crossfit place here."	1	2	1	1	2	1	151
clip_1107	Stupid doctors visits is going to bury me. Oh the irony.	1	2	1	1	2	1	41
clip_1108	Sub is making life go by so slow that I feel like I'm losing brain cells	1	2	1	1	2	1	359
clip_1109	That moment when the ad plays flawlessly but the video keeps buffering	1	2	1	1	2	1	393
clip_1110	that time when ward was mad that sky held a secret from him	1	2	2	0	1	0	247
clip_1111	That time when Ward was mad because Sky hid a secret from him.	1	2	0	0	1	0	247
clip_1112	The definition of irony would be if a 77-year-old rapper went viral and made Bit Coin main stream.	1	2	1	1	2	1	22
clip_1113	The irony is anti state people will claim the middle man hacker won when in reality the state won.	1	2	1	1	2	1	414
clip_1114	"The song was, 'Don't Cry for Me, Argentina'."	1	2	2	0	1	0	372
clip_1115	"We were miles apart, but you found me, and now we are living close enough, still apart."	1	2	1	0	1	0	457
clip_1116	You think my mom and I would get along better. She's a middle child too.	1	2	0	1	2	1	245
clip_1117	Welcome to the surrealist estate agency.	0	0	2	1	2	1	428
clip_1118	Fucking car just gave up.	0	0	0	1	2	1	430
clip_1119	"We don't have a good enough singles depth at the moment, to even account for doubles, the problem has never been doubles, always singles."	0	0	2	1	2	1	445
clip_1120	You're a tough bugger	0	0	2	0	1	1	472
clip_1121	uh oh mum is not gonna be pleased	0	0	0	1	2	1	483
clip_1122	The ones that caught me by surprise were the ones I didn't expect.	0	0	2	1	2	1	506
clip_1123	"Something like that irony, is one of the few things keeping sanity when facing Russian propaganda."	0	0	0	1	2	1	525
clip_1124	a tits in public who doesn't agree with seeing tits in public	0	0	1	1	2	2	630
clip_1125	A tit in public who doesn't agree with seeing tits in public.	0	0	1	1	2	2	630
clip_1126	Acronyms because we're cool as fuck. Judge me.	0	0	0	0	1	1	270
clip_1127	And that somebody thought you were padawon sister.	0	0	2	1	2	1	216
clip_1128	can always count on you to speak to me on here but deletes messages so it looks like I am talking to myself	0	0	1	1	2	1	209
clip_1129	"Can always count on you to speak to me on here, then delete the messages, so it looks like I am talking to myself."	0	0	1	1	2	1	209
clip_1130	Can holidays last forever?	0	0	2	1	2	1	249
clip_1131	Can holidays last forever?	0	0	2	1	2	1	249
clip_1132	Corny jokes are my absolute favorite.	0	0	0	1	2	1	6
clip_1133	"Day 9, December 10th I painted the boars head not really still in bed."	0	0	2	1	2	1	202
clip_1134	"Day 9, December 10th I painted the boars head not really still in bed."	0	0	2	1	2	1	202
clip_1135	"Equal justice for all, unless you are black, during the Obama administration."	0	0	1	1	2	2	621
clip_1136	"Equal justice for all, unless you are black, during the Obama administration."	0	0	1	1	2	2	621
clip_1137	Getting Final Jeopardy correct on Kid's Jeopardy boosts my self esteem.	0	0	0	1	2	1	72
clip_1138	"I thought it was, what I call, the wet look."	0	0	2	1	2	1	410
clip_1139	Wonder how many people who visit food banks have huge TVs or are drunks?	0	0	1	1	2	3	374
clip_1140	Just lost a fiver already on the kick off. Cheers forrest	0	0	1	1	2	3	676
clip_1141	Just lost the fiver already on the early kick off.  Cheers Forrest	0	0	1	1	2	3	676
clip_1142	Just realized my last final is tomorrow.	0	0	2	1	2	1	187
clip_1143	Andy forgot to move the elf on the shelf and now tam is asking me if Christmas is real.	0	0	0	1	2	2	97
clip_1144	Most important thing I've learned in school.	0	0	2	1	2	1	11
clip_1145	Obama and Hilary convinced Ukraine that they would protect them if they essentially disarm. Need to keep at least one promise.	0	0	2	1	2	1	231
clip_1146	"Obama and Hillary convinced the Ukraine, that they would protect them if they essentially disarm. We need to keep at least one promise!"	0	0	1	1	2	1	231
clip_1147	"OLD ENOUGH TO KNOW BETTER, YOUNG ENOUGH TO DO IT AGAIN"	0	0	1	1	2	3	705
clip_1148	"Old enough to know better, young enough to do it again."	0	0	0	1	2	3	705
clip_1149	"Once again, Barack Obama is rewriting history"	0	0	2	1	2	1	217
clip_1150	Once again Barack Obama is rewriting history.	0	0	2	1	2	1	217
clip_1151	Only a true night shift person would understand this.	0	0	2	1	2	1	271
clip_1152	Only a true night shift person would understand this.	0	0	2	1	2	1	271
clip_1153	"Orion launch underway, yeah!"	0	0	2	1	2	1	12
clip_1154	And that somebody thought you were Padowan's sister.	0	0	1	1	2	1	216
clip_1155	Please note sarcasm in last tweet before you kill yourself many good pros including BalancePhysio can show you best usage	0	0	1	1	2	3	134
clip_1156	Protesters upset over decision in choke hold death take the streets again. Mexico streets aren't the only ones taken.	0	0	0	1	2	2	771
clip_1157	Protesters upset over decision in choke hold. Death take the streets again. Mexico streets aren't the only one taken.	0	0	0	1	2	2	771
clip_1158	what might do it for me bro turns into an hour long conversation	0	0	0	1	2	3	356
clip_1159	"ya, amazing night. ill think he out till the death, i'll let you know"	0	0	0	1	2	3	369
clip_1160	I wonder how many people who visit food banks have huge TV's or are drunks.	0	0	1	1	2	3	374
clip_1161	What is religion it is a culture created by a fool	0	0	0	1	2	1	375
clip_1162	The feeling you get when you just want to flip the table and screw the finals.	0	0	2	1	2	1	385
clip_1163	"I thought it was, what I call, the wet look."	0	0	2	1	2	1	410
clip_1164	When your mate's dad starts poking you on Facebook.	0	0	1	1	2	1	413
clip_1165	Welcome to the Surrealist Estate Agency.	0	0	0	1	2	1	428
clip_1166	The fuckin' car just gave up!	0	0	2	1	2	1	430
clip_1167	"We don't have a good enough single step at the moment to even account for the doubles.  The problem has never been doubles, only singles."	0	0	2	1	2	1	445
clip_1168	You're a tough bugger.	0	0	2	0	1	1	472
clip_1169	"Oh, oh mom is not going to be pleased."	0	0	0	1	2	1	483
clip_1170	The ones that caught me by surprise were the ones I didn't expect.	0	0	0	1	2	1	506
clip_1171	"Ummm, yeah, something like that's. Irony is one of the few things keeping sanity when facing the RU propaganda."	0	0	0	1	2	1	525
clip_1172	Corny jokes are my absolute favorite.	0	0	2	1	2	1	6
clip_1173	Most important thing I've ever learned in school.	0	0	0	1	2	1	11
clip_1174	Orion launch underway. Yeah.	0	0	0	1	2	1	12
clip_1175	"The girls on Sorority Sisters thought they'd get rich and famous, but instead they be like"	0	0	2	1	2	1	35
clip_1176	I wonder what was the holiday rituals for true Africans?	0	0	0	1	2	1	53
clip_1177	Getting final Jeopardy correct on kids Jeopardy boosts my self esteem.	0	0	0	1	2	1	72
clip_1178	"Woke up, showered, made a lunch, and got ready for work only to realize I have the whole weekend off."	0	0	1	1	2	2	74
clip_1179	"So, I may have had a few empties to recycle."	0	0	0	1	2	3	350
clip_1180	How much did it cost to build medicare? I see this way too often.	0	0	2	1	2	1	348
clip_1181	Name an excuse that people use not to work out	0	0	2	1	2	1	309
clip_1182	tag a team mate who is bad he runs the line every week	0	0	2	1	2	3	289
clip_1183	50 kilometers into the ruffasta 500 and we stop off for a coffee toes are coming back to life	0	0	0	1	2	1	23
clip_1184	"Warn them, that your degree of sarcasm depends on them, in this funny tank top. Order now."	0	0	2	1	2	1	317
clip_1185	you really need to get a wee bit more lol	0	0	2	1	2	3	324
clip_1186	"Tag a teammate that is so bad, he runs the line every week."	0	0	0	1	2	3	289
clip_1187	Name an excuse that people use to not work out.	0	0	2	1	2	1	309
clip_1188	You're degree of sarcasm depends on this funny tank top. Order now.	0	0	0	1	2	1	317
clip_1189	50 kilometers into the raffa fest of 500 and we stop off for coffee. Toes are coming back to life.	0	0	0	1	2	1	23
clip_1190	"You do really need to get a wee bit more, LOL."	0	0	0	1	2	3	324
clip_1191	How much did it cost to build Medicare?  I see this way too often.	0	0	0	1	2	1	348
clip_1192	So I may have had a few empties to recycle	0	0	2	1	2	3	350
clip_1193	Someone tell me where the fuck to find a fried chicken ornament because this shit is necessary.	0	0	0	1	2	1	546
clip_1194	Hey sorry I'm late I didn't want to come	0	0	1	1	2	1	549
clip_1195	"Pit players versus victims? How dare the NFL put a divide between men, and the women and children they beat?"	0	0	1	1	2	1	578
clip_1196	"Hmm, I wouldn't say she has tits."	0	0	0	1	2	1	580
clip_1197	That awkward moment when you plan your whole day around your golf class and it gets cancelled.	0	0	0	1	2	1	588
clip_1198	Everybody's talking about snow and I'm just sitting here and the only snow around is on our cars!	0	0	1	1	2	1	603
clip_1199	Things also go slowly if you are waiting for them especially	0	0	0	1	2	1	613
clip_1200	"Everybody is talking about snow. And I am just sitting here, and the only snow around, is on our cars."	0	0	1	1	2	1	603
clip_1201	"Hey, sorry I'm late. I didn't want to come."	0	0	1	1	2	1	549
clip_1202	"Hmmn, I don't want to say she has tits."	0	0	0	1	2	1	580
clip_1203	"Pit players versus victims? How dare the NFL put a divide between men and the women, and the children they beat?"	0	0	1	1	2	1	578
clip_1204	Someone tell me where to find a fried chicken ornament because this shit is necessary.	0	0	0	1	2	1	546
clip_1205	"That awkward moment when you plan your whole day around your golf class, and it gets canceled!"	0	0	1	1	2	1	588
clip_1206	"Things also go slowly , when you are waiting for them especially."	0	0	0	1	2	1	613
clip_1207	SOMEONE HAS FILLED MY HEAD WITH SNOT AND USED THE CHEESE GRATER ON THE BACK OF MY THROAT DURING THE NIGHT	0	0	0	1	2	1	647
clip_1208	Somebody has filled my head with snot and I used a cheese grater on the back of my throat during the night.	0	0	1	1	2	1	647
clip_1209	the girls on sorority sister thought they would get rich and famous instead they be like	0	0	1	1	2	1	35
clip_1210	Start with India. I need to be somewhere they don't speak great English so I don't have to say much.	0	0	0	1	2	1	635
clip_1211	"Start with India, I need to be somewhere where they don't speak great English, so I don't have to say much."	0	0	1	1	2	1	635
clip_1212	Take me to church.	0	0	2	1	2	1	138
clip_1213	Take me to church	0	0	2	1	2	1	138
clip_1214	Take me to church.	0	0	0	1	2	1	138
clip_1215	the feeling you get when you want to flip the tables and screw the finals	0	0	0	1	2	1	385
clip_1216	"To be fair, you didn't use the mandatory sarcasm hashtag."	0	0	0	1	2	1	128
clip_1217	"To be fair, you didn't use the mandatory sarcasm hashtag"	0	0	1	1	2	1	128
clip_1218	I wonder what the holiday ritual is for true Africans.	0	0	0	1	2	1	53
clip_1219	"Woke up, showered, made lunch and got ready for work only to realize I have the whole weekend off."	0	0	1	1	2	2	74
clip_1220	What is religion? It is a culture that has been invented by a fool who wanted to do everything that is not legal legally.	0	0	0	1	2	1	375
clip_1221	When I start singing songs from one smaller feeling to myself while I work.	0	0	2	1	2	2	152
clip_1222	When make dua for me bro turns into an hour long conversation	0	0	0	1	2	3	356
clip_1223	When your mates dad starts poking you on Facebook.	0	0	0	1	2	1	413
clip_1224	"Yeah amazing night, I think he out till the death! I'll let u know"	0	0	0	1	2	3	369
clip_1225	Day 9th December to have a pint at the boar's head not really still in bed.	0	0	2	1	2	1	202
clip_1226	just realized my last final is tomorrow	0	0	2	1	2	1	187
clip_1227	AMY FORGOT TO MOVE THE ELF ON SHELF AND NOW TIM IS ASKING ME IF CHRISTMAS IS REAL	0	0	0	1	2	2	97
clip_1228	Please note sarcasm in last tweet before you kill yourself.  Many good pros including balanced physio can show you best usage.	0	0	0	1	2	3	134
clip_1229	Take me to church.	0	0	2	1	2	1	138
clip_1230	"To be fair, you didn't use the mandatory sarcasm hashtag."	0	0	1	1	2	1	128
clip_1231	When I start singing songs from 'once more with feeling' to myself at work.	0	0	2	1	2	2	152
clip_825	Pulled a 'white van man' by the looks of it.  Yuck!  So naff!  That keeps the magic of Christmas alive.	1	1	1	0	1	0	674
clip_826	That's some bullshit. That's a complete rip off for those items. And I bet some of you idiots really think that is a good sale. Not.	1	1	1	0	1	0	690
clip_827	Monday morning inspiration	1	1	0	1	2	3	706
clip_828	An important call from the council about a form we did three months ago is just what I need an hour before we head off to Disneyland. Not.	1	1	1	0	1	0	626
clip_829	"can't wait to have an afternoon schedule because of you, gonna be so much fun not"	1	1	1	0	1	0	47
clip_830	How dare Charles Barkley have an intelligent conversation about race!	1	1	1	1	2	3	28
clip_831	How dare Charles Barkley have an intelligent conversation about race	1	1	1	1	2	3	28
clip_832	"Can't wait to have an afternoon scheduled because of you, it's going to be so much fun, not."	1	1	1	0	1	0	47
clip_833	"Since the tribunal was established fourteen years ago, no complaint against the intelligent services has ever been  upheld."	1	1	2	0	1	0	87
clip_834	When you're sick and you feel bad for yourselves cause your cells are fighting hard for you.	1	1	0	0	1	0	182
clip_835	"An important call from the council about a form we did three months ago, is just what I need an hour before we head to DisneyLand. Not"	1	1	1	0	1	0	626
clip_836	"Pulled by a white van man by the looks of it. Yuck, so naf. That keeps imaginative x alive. Not."	1	1	1	0	1	0	674
clip_837	That's some bullshit. That's a complete ripoff for those ads and I bet some of you idiots think that's a really good sale. Not!	1	1	1	0	1	0	690
clip_838	Monday morning inspiration!	1	1	2	1	2	3	726
clip_839	"Final lab coursework submitted, now to finally treat myself by catching up with the whole semesters lectures."	1	1	1	0	1	0	559
clip_840	"Here we go again, thanks to all that claim to cover benzewelle high school hoop. North Highlanders beat Parkersburg 66-65 on last second shot by Alexa Paige."	1	1	0	0	1	0	293
clip_841	Here we go again. Thanks to all that claimed to cover WVHS hoop. Not highlanders beat Parkersburg on the last second shot by Alexia Paige.	1	1	1	0	1	0	293
clip_842	I think my friend just sent Frankie ballard a snapchat of me drinking water... cause she's fun like that.	1	1	0	0	1	0	752
clip_843	I think my friend just sent frankie a snapchat of me drinking water cause she is fun like that.	1	1	1	0	1	0	752
clip_844	I'm shocked that Mark May doesn't think that Bart Keys should be in the playoff.	1	1	2	0	1	0	473
clip_845	"It's a shame that on an off day that  the NFL doesn't have any interesting stories and isn't getting any attention, not."	1	1	1	0	1	0	484
clip_846	"Gael pro at presentations, Anderson not."	1	1	0	0	1	0	513
clip_847	"Loving how dominate the SEC is, not!"	1	1	1	0	1	0	516
clip_848	"Gail pro at presentations. Anderson, not!"	1	1	1	0	1	0	513
clip_849	"Loving how dominate the SEC is, not!"	1	1	1	0	1	0	516
clip_850	I'm shocked the Mark May doesn't think the buckeyes should be in the playoff.	1	1	0	0	1	0	473
clip_851	"It's a shame on an off day that the NFL doesn't have any interesting stories, and isn't getting any attention. Not!"	1	1	1	0	1	0	484
clip_852	"Almost seventy two hours of a kid asking for his Christmas Gift., and zero answers from Playstation. Thank you guys, you are awesome! Not!"	1	1	1	1	2	3	726
clip_853	Hooray to working all weekend.	1	1	1	0	1	0	730
clip_854	"Congress just screwed us, but it's a great day in the district, because we got another stadium"	1	1	1	0	1	0	720
clip_855	"Almost 72 hours of a kid asking for his Christmas gift and zero answers from PlayStation, thank you guys are awesome, not."	1	1	1	1	2	3	726
clip_856	"Congress just screwed us. But it's a great day in the district, because we got another stadium."	1	1	1	0	1	0	720
clip_857	Hooray to working all weekend.	1	1	1	1	2	3	726
clip_858	It's ok ticketmaster I didn't really want to see my idol anyway.	1	1	1	0	1	0	768
clip_859	"It's ok Ticketmaster, I didn't really want to see my idol anyway."	1	1	1	0	1	0	768
clip_860	Malala is fake and planted by the U.S. cuz Pakistan is perfectly safe for kids going to school.	1	1	1	0	1	0	405
clip_861	"pretty shitty day, i am going to be soaked and full of mud and clay"	1	1	1	0	1	0	391
clip_862	Rolled out of bed for closing. I look really good. Not.	1	1	1	1	2	3	756
clip_863	Rolled out of bed for closing I look really good not	1	1	1	1	2	3	756
clip_864	"I like the feeling when people think they're two steps ahead of me but truth is, they're miles and miles behind me"	1	1	1	1	2	1	431
clip_865	"Yeah I do. But you know there's this thing called an all nighter, and apparently I want to pull one. Not."	1	1	1	0	1	0	584
clip_866	What a lovely perma-fall we're having here in Milwaukee.  Not.	1	1	1	1	2	3	615
clip_867	Clash update. Not..	1	1	1	0	1	0	304
clip_868	When you're sick and you feel bad for your cells because they're fighting hard for you....	1	1	0	0	1	0	182
clip_869	"So ill, it actually hurts to breathe. Still that nice long walk to the station did me the world of good. NOT"	1	1	1	0	1	0	419
clip_870	"So ill, it actually hurts to breathe. Still that nice long walk to the station did me the world of good. NOT"	1	1	1	0	1	0	419
clip_871	"So Jeremy Irons, and Alan Rickman are both in Marakech? Just one week before I'm going there? Everything's fine. Not!"	1	1	1	0	1	0	423
clip_872	"So, Jeremy Irons and Alan Rigmond are both in Marakech, just one week before I'm going there.  Everything is fine.  NOT"	1	1	1	0	1	0	423
clip_873	That's always a solution.  Not.  Doesn't fix anything!	1	1	1	0	1	0	308
clip_874	"That's always a solution, not. Doesn't fix anything."	1	1	1	0	1	0	308
clip_875	That's always the solution not doesn't fix anything	1	1	1	0	1	0	308
clip_876	"Since the tribunal was established fourteen years ago, no complaint against the intelligence services have ever been upheld."	1	1	2	0	1	0	87
clip_877	Tried to export an azure vm. Well that went ok.	1	1	1	0	1	0	622
clip_878	What a great Christmas.	1	1	2	0	1	0	367
clip_879	What a great Christmas	1	1	2	0	1	0	367
clip_880	what a great christmas	1	1	1	0	1	0	367
clip_881	what a lovely permafall we are having here in Milwaukee not	1	1	1	1	2	3	615
clip_882	Yeah I do.  You know there is this thing called all nighters and apparently I want to pull one.  Not.	1	1	1	0	1	0	584
clip_883	"Yeah. I think so too, because you know how she loves her with all her heart."	1	1	1	1	2	3	260
clip_884	"Yea,I think that too because you know how she loves her with all her heart"	1	1	0	1	2	3	260
clip_885	"Yeah, I thinks so too. Cause you know, how she loves her with all her heart!"	1	1	1	1	2	3	260
clip_886	YOU SEEM SUPER SMART	1	1	0	0	1	0	758
clip_887	YOU SEEM SUPER SMART	1	1	1	0	1	0	758
clip_888	it's snowing in chicago white christmas not	1	3	1	0	1	0	481
clip_889	is there a like tab on me? i'm not a facebook status to be liked on people	1	3	1	1	2	1	495
clip_890	"Ah, the 2014 gamer gate Ebola campaign. how many people did we kill?"	1	3	1	1	2	1	510
clip_891	I wonder what triggered the anxiety.	1	3	2	1	2	1	536
clip_892	I don't think the hereditary baronet wants to encourage a something for nothing culture.	1	3	1	0	1	0	542
clip_893	Wash hands with water. MOH is rubbing this in everyone's face.	1	3	1	1	2	1	545
clip_894	Decemberbessen. Not.	1	3	1	0	1	0	548
clip_895	decide that you want it more than you are afraid of it. Bill Cosby	1	3	0	1	2	1	68
clip_896	"Blue skies, warm air, and the royal accommodation. What more does one need? Education? Not."	1	3	1	0	1	0	421
clip_897	clash update not	1	3	1	0	1	0	304
clip_898	Effigies of Jesus or Allah when she herself hadn't kept any of the Hindu gods.	1	3	0	0	1	2	699
clip_899	"Effigies of Jesus or Allah, when she herself hadn't kept any of the Hindu gods!"	1	3	1	0	1	2	699
clip_900	Guess they didn't the memo reg non-nuclear baltic sea	1	3	1	0	1	0	20
clip_901	"Hmmm, let me think about that."	1	3	0	0	1	0	26
clip_902	I hope you weren't driving when you took that picture.	1	3	1	0	1	0	159
clip_903	I hope you weren't driving when you took that picture.	1	3	1	0	1	0	159
clip_904	i like to think of myself as a broken down justin bieber. my philosophy professor everyone.	1	3	1	1	2	1	692
clip_905	I like to think of myself as a broken down Justin Bieber. My philosophy professor everyone!	1	3	1	1	2	1	692
clip_906	"i think it's your white skin or racist DNA, he is a geneticist too did you know?"	1	3	1	1	2	1	147
clip_907	"I think its's your white skin or racist DNA. He's a geneticist too, did you know."	1	3	1	1	2	1	147
clip_908	If it got the attention of the smartass to comment that. Didn't it work anyway?	1	3	1	1	2	2	181
clip_909	"If we win against poland and scotland, does that put us 56th in the world rankings"	1	3	0	0	1	0	85
clip_910	IF WE WIN AGAINST POLAND AND SCOTLAND DOES THAT PUT US 65TH IN THE RANKINGS	1	3	1	0	1	0	85
clip_911	"If you want to look like a badass, have drama on social media. Not!"	1	3	1	0	1	0	27
clip_912	Isn't this blaming the victim.	1	3	1	1	2	1	246
clip_913	"While we applauded ourselves on getting on the moon, Carl Sagan spoke a truth we all denied."	1	3	0	0	1	0	248
clip_914	"Dualistic, as in, good and evil...right, because that doesn't apply to the real world."	1	3	1	0	1	0	265
clip_915	"No! Now someone will study rumor of ABBV pricing their HCV drug same or higher than gild,"	1	3	0	1	2	1	223
clip_916	"It is good, that very few businesses in EM economies, have borrowed much via dollar dominated loans from international banks."	1	3	2	0	1	0	280
clip_917	I actually think he needs to use the youngsters in this reincarnation.	1	3	2	1	2	1	233
clip_918	"Hold on a minute.  Are you staying, all blonde white women look the same?"	1	3	0	0	1	0	301
clip_919	"No, now someone will start a rumor of abbv pricing their hcb drugs same or higher then gild."	1	3	1	1	2	1	223
clip_920	I actually think you need to use the youngsters in this reincarnation.	1	3	0	1	2	1	233
clip_921	Isn't this blaming the victim?	1	3	1	1	2	1	246
clip_922	"Why we applauded ourselves in getting the moon, Carl Sagan spoke a truth we all denied."	1	3	0	0	1	0	248
clip_923	Dualistic as in good and evil? Right because that doesn't apply to the real world.	1	3	1	1	2	1	276
clip_924	"it is good that very few businesses, govs, and em economies have borrowed much via dollar dominated loans from international banks"	1	3	1	0	1	0	280
clip_925	"Hold on a minute, are you saying all blonde, white women look the same?"	1	3	1	0	1	0	301
clip_926	"Not everyone's really for you, no matter how long you knew them.  And not everyone's a bad person just because it's been a short time."	1	3	0	0	1	0	551
clip_927	Did you know iOS 8 features custom keyboards?	1	3	0	0	1	0	581
clip_928	"I'm not close minded, I'm just dogmatic."	1	3	1	1	2	1	594
clip_929	This team would finish fourth.	1	3	2	0	1	0	611
clip_930	"I guess Paul didn't have buns, hon."	1	3	1	0	1	0	625
clip_931	I will let him know. I'm sure he's shaking/quaking in his boots.	1	3	1	0	1	0	633
clip_932	Maybe you should grind the gym man not	1	3	1	1	2	1	634
clip_933	Did you know iOS 8 features custom keyboards?	1	3	2	0	1	0	581
clip_934	"I guess Paul didn't have buns, hon."	1	3	0	0	1	0	625
clip_935	I will let him know. I'm sure he's shaking/quaking in his boots. Not	1	3	1	0	1	0	633
clip_936	I'm not closed minded. I'm just dogmatic.	1	3	1	1	2	1	594
clip_937	"Maybe you should grind the gym man, not."	1	3	1	1	2	1	634
clip_938	"Not everyone's really for you, no matter how long you knew them.  And not everyone's a bad person just because it's been a short time."	1	3	0	0	1	0	551
clip_939	this team would finish 4th	1	3	2	0	1	0	611
clip_940	"It's funny because people thing I'm quiet, but I'm just listening to everyone's conversations and figuring out your weaknesses to destroy you later in life."	1	3	1	1	2	1	73
clip_941	It's funny because people think I'm quiet but I'm just listening to everyone's conversations and figuring out your weaknesses to destroy you later in life.	1	3	0	1	2	1	73
clip_942	it's international human rights day	1	3	0	0	1	0	422
clip_943	Its funny because people think I am quiet but I'm just listening to everybody's convos and figuring out your weaknesses to destroy you later in life.	1	3	1	1	2	1	73
clip_944	It's so the speaker remembers their talk's over.  Otherwise how would they know?	1	3	2	0	1	0	671
clip_945	it's so the speaker remembers their talk's over otherwise how would they know	1	3	2	0	1	0	671
clip_946	"Jeez I wish the government paid for my food, not!"	1	3	1	0	1	0	389
clip_947	"Jeff Roylat, have a wank over this hashtag. Not!"	1	3	1	0	1	0	762
clip_948	"Jeff Roylat have a wank over this hashtag, not."	1	3	1	0	1	0	762
clip_949	"Left regressives, is that not a label?"	1	3	1	0	1	0	310
clip_950	Make sure you don't say Christmas! The decorate of the holiday.	1	3	0	0	1	0	754
clip_951	Make sure you don't say Christmas! The decorate for the holiday	1	3	1	0	1	0	754
clip_952	maybe only way baby boomers will buy in	1	3	2	1	2	1	22
clip_953	Niagra Falls though. Really?	1	3	1	1	2	1	84
clip_954	"Niagra falls though, really?"	1	3	1	1	2	1	84
clip_955	It's snowing in Chicago. White Christmas! Not..	1	3	0	0	1	0	481
clip_956	Is there like a tab on me? I got a facebook status to be liked by people.	1	3	0	1	2	1	495
clip_957	"Ahh, the 2014 Gamer gate ebola Campaign. How many people did we kill?"	1	3	1	1	2	1	510
clip_958	I don't think the heriditary baronet wants to encourage a something for nothing culture.	1	3	2	0	1	0	542
clip_959	I wonder what triggered the anxiety.	1	3	2	1	2	1	536
clip_960	Wash hands with water? MOH is rubbing this on everyone's face?	1	3	0	1	2	1	546
clip_961	Decemberbessen. Not.	1	3	1	0	1	0	548
clip_962	"People complain about my background pick and all I feel is like, hey don't blame be, Albert E might have spoken those words."	1	3	0	0	1	0	7
clip_963	Guess they didn't get the memo. Right non nuclear baltic sea...	1	3	1	0	1	0	20
clip_964	Who told the hipsters that irony was a thing of the Clinton years? Do they not carry history books in used bookstores in Brooklyn?	1	3	1	1	2	2	24
clip_965	Hmmm let me think about that	1	3	0	0	1	0	26
clip_966	If you wanna look like a badass have drama on social media not	1	3	1	0	1	0	27
clip_967	"Produce mobile apps, not..."	1	3	0	0	1	0	67
clip_968	decide that you wanted more of what you are afraid of it Bill Cosby	1	3	0	1	2	1	68
clip_969	Our three losses. Followed by weeks and an FCS team. Do we get rid of those next year?	1	3	2	0	1	0	116
clip_970	"Our 3 losses followed by weeks and an fcs tane, do we get rid of those next year?"	1	3	0	0	1	0	116
clip_971	"People complain about my background pick and all I feel is like, hey don't blame me Albert E. might have spoken those words."	1	3	0	0	1	0	7
clip_972	Produce mobile apps.  Not.	1	3	1	0	1	0	67
clip_973	"Try to export an azure vm, well that went okay."	1	3	1	0	1	0	622
clip_974	Left regressives; is that not a label?	1	3	0	0	1	0	310
clip_975	Skiing in Reagents Park much? Not!	1	3	1	0	1	0	354
clip_976	"Geez, I wish the government paid for my food. Not."	1	3	1	0	1	0	389
clip_977	"Then later he snuggles up to the royals, with giddy glee."	1	3	0	0	1	0	420
clip_978	"Blue skies, warm air, and the royal accommodation. What more does one need, education? Not!"	1	3	1	0	1	0	421
clip_979	It's International Human Rights Day.	1	3	2	0	1	0	422
clip_980	Skiing in regents park much? Not.	1	3	1	0	1	0	354
clip_981	That bump off the apron looked like it hurts. Was that padding you landed on?	1	3	1	0	1	0	764
clip_982	That's a twist. Algorithms to cause more congestion and increase pollution. Too bizarre to be true. Not!	1	3	1	1	2	2	194
clip_983	"That's a twist. Algorithms to cause more congestion, and increase population. Too bizarre to be true. Not!"	1	3	1	1	2	2	194
clip_984	That bump off the apron looked like it hurt. Was that padding you landed on?	1	3	1	0	1	0	764
clip_985	oh the irony of playing the song on my way to work	1	3	1	1	2	1	90
clip_986	The irony of playing this song on my way to work.	1	3	0	1	2	1	90
clip_987	the irony of playing the song on my way to work	1	3	1	1	2	1	90
clip_988	Then later he snuggles up to the Royals with giddy glee.	1	3	0	0	1	0	420
clip_989	Trust me. It will be out of form Scandinavian reef again too. Champions league do love man city I see.	1	3	1	0	1	0	199
clip_990	Trust me. It will be out of form Scandinavian reef again too. Champions league do love man city I see.	1	3	2	0	1	0	199
clip_991	Want to see something Irish? All of the reasons to be closed..	1	3	0	1	2	1	169
clip_992	"Watching Alison Jackson's portfolio of Work Euro Best 2014, seems she's cracked it.  Celebrity plus stunt equals viral."	1	3	1	0	1	0	156
clip_993	watching Alison Jackson's portfolio of work your best 2014 seems she's cracked it celebrity plus stunt equals viral	1	3	0	0	1	0	156
clip_994	"Well, now the festive season has begun. Let's take a moment to reflect on how much more royalties Slade and Wizard will get."	1	3	0	1	2	1	95
clip_995	Well now the festive season has begun let's take a moment to reflect on how much royalty sleigh ed wizard will get.	1	3	0	1	2	1	95
clip_996	"Well now, the festive season has begun. Let's take a moment to reflect on how much more royalties Slade and Wizard will get."	1	3	1	1	2	1	95
clip_997	What to do with that old motherboard you have laying around?	1	3	1	1	2	1	220
clip_998	What to do with that old motherboard you have laying around	1	3	2	1	2	1	220
clip_999	Who told the hipsters that irony was a thing of the Clinton years? Do they not sell history books in used bookstores in Brooklyn?	1	3	1	1	2	2	24
								
					accuracy			
